heading,link,price,rating,reviews
heading,link,price,rating,reviews
heading,link,price,rating,reviews
Wesley Milestone 2.0 Casual Waterproof Laptop Backpack/Office Bag/School Bag/College Bag/Business Bag/Travel Backpack (Dimensions:13x18 inches) (Compatible with 15.6 inch laptop) 30 L (Blue & black),https://www.amazon.in/Wesley-Milestone-Waterproof-Backpack-Business/dp/B084JGJ8PF,499,4.3 out of 5 stars,"13,254"
American Tourister Fizz Large Size 32 Ltrs Casual Backpack (BLACK),https://www.amazon.in/American-Tourister-AMT-SCH-02/dp/B07CJCGM1M,"1,098",4.0 out of 5 stars,"56,370"
Fur Jaden Brown Textured Leatherette Stylish & Spacious Weekender Duffle Bag for Travel,https://www.amazon.in/FUR-JADEN-Leatherette-Polypropylene-DUFF05/dp/B07M9BRCQ5,799,4.3 out of 5 stars,"6,894"
"Lenovo 15.6"" (39.62cm) Slim Everyday Backpack Made in India Compact Water-resistant Organized storage:Laptop sleevetablet pocketfront workstation2-side pocketsPadded adjustable shoulder straps",https://www.amazon.in/Lenovo-15-6-Inches-Everyday-Backpack/dp/B08R7RPVJF,449,4.4 out of 5 stars,"5,288"
Safari Omega 30L Laptop Backpack with Raincover school bag for boys and girls college bag office bag travel bag for men and women Teal,https://www.amazon.in/Safari-Laptop-Backpack-Raincover-college/dp/B097JH4V5G,699,4.0 out of 5 stars,161
ADISA 32 Ltrs Water Resistant Casual Travel Bagpack/College Backpack/School Office Bag for Men and Women,https://www.amazon.in/ADISA-BP010-Weight-Casual-Backpack/dp/B07MXL986B,374,3.9 out of 5 stars,"4,295"
Ezee Black Medium Garbage Bags 90 Pcs | 19 X 21 Inch | 30 Pcs x Pack of 3 | Dustbin Trash Bag,https://www.amazon.in/Ezee-Garbage-Bag-inches-Pieces/dp/B06VX8YR6Q,155,4.2 out of 5 stars,"28,709"
Wesley Spartan Unisex Travel Hiking Laptop Bag fits Upto 17.3 inch with Raincover and Internal Organiser Backpack Rucksack College Bag,https://www.amazon.in/Wesley-Spartan-Hiking-Raincover-Organiser/dp/B098QFF5TJ,689,4.1 out of 5 stars,"1,959"
POLICE Backpack for Men Casual Laptop Bag Office/Travel/College 30 LTR Hedge Polyester - Black- Medium,https://www.amazon.in/Police-Polyester-laptop-casual-backpack/dp/B09CQ5T3LN,"1,329",3.8 out of 5 stars,"1,339"
TRUE HUMAN EMPEROR® Anti-Theft backpack With USB charging Port Laptop bag/Office bag/college bag/travel bag with anti -theft back pocket (LEGEND),https://www.amazon.in/TRUE-HUMAN-Anti-Theft-backpack-charging/dp/B09QJ7ZF2Y,529,3.7 out of 5 stars,"2,775"
Gear Classic 20L Small Faux Leather Water Resistant Anti Theft Laptop Bag/Office Backpack for Men/Women - Brown,https://www.amazon.in/Gear-Classic-Leather-Backpack-LBPCLSLTH0201/dp/B07G4F6XFH,798,4.4 out of 5 stars,"6,245"
FUR JADEN Anti Theft Number Lock Backpack Bag with 15.6 Inch Laptop Compartment USB Charging Port & Organizer Pocket for Men Women Boys Girls,https://www.amazon.in/Number-Backpack-Compartment-Charging-Organizer/dp/B09VTDMRY7,649,4.1 out of 5 stars,"6,693"
ADISA Laptop Backpack 31 Ltrs,https://www.amazon.in/ADISA-BP004-Weight-Casual-Backpack/dp/B07G3CG9FC,349,4.0 out of 5 stars,"9,235"
Half Moon Large 37L Laptop Bag Backpack for menं Women Boys and Girls Luggage Travel Bags with 17.3 inches Laptop Compartment & Rain Cover,https://www.amazon.in/Half-Moon-Backpack-Luggage-Compartment/dp/B09VCLZ3K4,689,3.9 out of 5 stars,"3,857"
Shalimar Premium OXO - Biodegradable Garbage Bags (Medium) Size 19 x 21 Inches 4 Rolls 120 Bags Dustbin Bag/Trash Bag - Black Color,https://www.amazon.in/Shalimar-Premium-Garbage-Medium-Rolls/dp/B07KT9Q54M,269,4.5 out of 5 stars,"18,734"
amazon basics Vacuum Compression Storage Bags with Hand Pump - Large 5-Pack,https://www.amazon.in/AmazonBasics-Vacuum-Compression-Storage-Bags/dp/B07RSCPH4N,599,4.4 out of 5 stars,"11,768"
Half Moon 35L Water Resistant 15.6 inch Laptop Bag/ Backpack Navy Blue | Office Bag for Men and Women with Padded Laptop Compartment | Rain Cover & Reflective Strips,https://www.amazon.in/Half-Moon-Waterproof-Backpack-Students/dp/B085MHDJ93,399,3.9 out of 5 stars,"17,623"
FUR JADEN Anti Theft Number Lock Backpack Bag with 15.6 Inch Laptop Compartment USB Charging Port & Organizer Pocket for Men Women Boys Girls,https://www.amazon.in/Number-Backpack-Compartment-Charging-Organizer/dp/B09VTCNN75,639,4.1 out of 5 stars,"6,693"
POLESTAR Amaze 15.6 inch 30 LTR Casual Laptop Backpack/Office Bag/School Bag/College Bag/Business Bag/Unisex Backpack Water Resistant and Light Weight 1 year Warranty,https://www.amazon.in/POLE-STAR-Polyester-Backpack-Compartment/dp/B07D6NXR2Q,549,4.0 out of 5 stars,"6,170"
Amazon Brand - Presto! Oxo-Biodegradable Garbage Bags Medium -(19 x 21 inches) - 30 bags/roll (Pack of 6 Black),https://www.amazon.in/Amazon-Brand-Presto-Oxo-Biodegradable-Garbage/dp/B0821PN8L4,289,4.4 out of 5 stars,"35,935"
Half Moon Large 37L Laptop Bag Backpack for menं Women Boys and Girls Luggage Travel Bags with 17.3 inches Laptop Compartment & Rain Cover,https://www.amazon.in/Half-Moon-Resistant-Backpack-Compartment/dp/B0BJ32LQ6X,689,3.9 out of 5 stars,"3,857"
Mi Step Out 12 L Mini Backpack (Small Size Red Water Repellant),https://www.amazon.in/Step-Backpack-Small-Water-Repellant/dp/B088XG77KN,229,4.1 out of 5 stars,"10,291"
Genie Camellia School Bag for Girls 17 inch Backpack for Women 3 compartments Water Resistant Stylish and Trendy College Backpacks for Girls,https://www.amazon.in/Genie-Ltrs-School-Backpack-CAMELLIA17SBPIN/dp/B07QHMKHWH,799,4.2 out of 5 stars,"3,741"
ADISA Women's Girls Party Sling Bag Crossbody,https://www.amazon.in/ADISA-Womens-Girls-Party-Crossbody/dp/B0B2WBJ2H8,309,4.0 out of 5 stars,692
Mi Step Out 12 L Mini Backpack (Small Size Black Water Repellant),https://www.amazon.in/Backpack-Small-Black-Water-Repellant/dp/B088XB5XY8,229,4.1 out of 5 stars,"10,291"
NIVIA Basic Duffle Polyester Bag/Gym Bags/Adjustable Shoulder Bag for Men/Duffle Gym Bags for Men/Fitness Bag/Carry Bags/Sports & Travel Bag/Sports Kit/Duffle Bags Travel,https://www.amazon.in/Nivia-6853BKGR-Polyester-Black-Grey/dp/B07NLB6FRS,229,4.0 out of 5 stars,"4,180"
Shalimar Premium OXO - Biodegradable Garbage Bags Size 19 X 21 Inches (Medium) 180 Bags (6 Rolls) Dustbin Bag/Trash Bag - Black Color,https://www.amazon.in/Shalimar-Premium-Garbage-Medium-Black/dp/B016DCB9OO,406,4.5 out of 5 stars,"9,742"
AUXTER Faux Leather 23 Cms Duffle Bag(AUX_GB_LE_Black -SE__0521_Black),https://www.amazon.in/AUXTER-BLACKY-Duffel-Emboss-Black/dp/B07F2H25NP,429,4.3 out of 5 stars,"9,383"
Lunar's Comet 35L Water Resistant Travel Bagpack/College Backpack/School Bag/Office Bag/Business Backpack/Daypack for Men and Women with 1 Year Warranty,https://www.amazon.in/Lunars-Comet-Resistant-Casual-Backpack/dp/B07WN833M7,849,4.0 out of 5 stars,"13,855"
Impulse IMP linear 45L Laptop Backpack/Office Bag/School Bag/College Bag/Business Bag/Travel Backpack Water Resistant Fits Up to 16 Inch Laptop with 1 Year Warranty,https://www.amazon.in/Impulse-IMP-linear-Resistant-Navy/dp/B0CJJ15CM7,510,5.0 out of 5 stars,4
Storite 2 Pack Moisture Proof Nylon Large Size Underbed Storage Bag For Clothes (54 x 46 x 28 cm) - Black Rectangular,https://www.amazon.in/Storite-Pack-Big-Underbed-Moisture/dp/B07B8K3RQK,699,4.4 out of 5 stars,"18,131"
Puma Unisex Gym Bag IND,https://www.amazon.in/Puma-Ltrs-Cms-Backpack-7837402_Grey/dp/B089T98TKG,619,4.0 out of 5 stars,501
Lenovo 15.6-inch Casual Laptop Briefcase T210,https://www.amazon.in/Lenovo-Carrying-15-6-Inch-Toploader-GX40Q17229/dp/B075Y6Y9H5,799,4.2 out of 5 stars,"21,727"
ROZEN 47 Ltrs 46 cms School Bag Class 5-12 Large 5 partition Laptop Collage Office Travel Backpack Unisex,https://www.amazon.in/ROZEN-partition-Collage-Backpack-SKYBLUE/dp/B0BRTFGG22,697,4.1 out of 5 stars,346
FUR JADEN Anti Theft Number Lock Backpack Bag with 15.6 Inch Laptop Compartment USB Charging Port & Organizer Pocket for Men Women Boys Girls,https://www.amazon.in/Number-Backpack-Compartment-Charging-Organizer/dp/B09VTC876Z,649,4.1 out of 5 stars,"6,693"
Presto! Oxo-Biodegradable Garbage Bags Medium - 30 Bags/Roll (Pack of 3 Green For Wet Waste plastic),https://www.amazon.in/Amazon-Brand-Presto-Oxo-Biodegradable-Garbage/dp/B08TD6BN7Y,209,4.3 out of 5 stars,"1,200"
ADISA Light Weight Laptop Backpack 32 Ltrs,https://www.amazon.in/ADISA-BP005-Weight-Casual-Backpack/dp/B07F3X45WZ,449,4.0 out of 5 stars,"6,220"
Half Moon 30L Water Resistant 15.6 inch Laptop Bag/Backpack for Men | School Bag for Boys Girls | Office Bag pack for Men/Office Back Packed for Women with Padded Laptop Compartment,https://www.amazon.in/Half-Moon-Laptop-Backpack-Polyester/dp/B09CMS3K2S,459,3.6 out of 5 stars,113
URBAN TRIBE Havana Laptop Backpack for Men & Women | Laptop Bag 15.6 inch | Office Work/Casual/College Bag | Black 27L,https://www.amazon.in/Urban-Tribe-Laptop-Backpack-Havana/dp/B01LXNNFDF,918,3.9 out of 5 stars,821
HP 320 15.6-inch Backpacks/Trolley Pass-Through; Padded Back Panel; Padded air mesh Panel/Hand wash and air Dry/Padded Laptop Pocket/1 Year Limited Warranty (793A6AA),https://www.amazon.in/HP-15-6-inch-Backpacks-Pass-Through-793A6AA/dp/B0BYDXVM5Q,599,3.9 out of 5 stars,64
TRAWOC 80L Travel Backpack for Outdoor Sport Camp Hiking Trekking Bag Camping Rucksack HK007 (PARENT) 1 Year Warranty,https://www.amazon.in/TRAWOC-Backpack-Trekking-Rucksack-Warranty/dp/B0847PGZZM,"2,246",4.4 out of 5 stars,"7,714"
Presto! Oxo-Biodegradable Garbage Bags Large (24 x 32 inches) - 15 bags/roll (Pack of 6 Black plastic),https://www.amazon.in/Amazon-Brand-Presto-Oxo-Biodegradable-Garbage/dp/B0821PYKVK,299,4.3 out of 5 stars,"10,328"
ADISA 31 Ltrs Casual Backpack School College Bag Pack,https://www.amazon.in/ADISA-Casual-Backpack-College-BP046-NAV_Navy/dp/B0BX3QFVSM,349,3.9 out of 5 stars,357
Half Moon 40L Waterproof Laptop Bag | Rucksack Bags for Men/Trekking Bags for Men | With Laptop Compartment & Rain cover | For Trekking Hiking Travel Backpack for Men & Women,https://www.amazon.in/Half-Moon-Rucksack-Bags-Compartment/dp/B09S14TTG6,689,3.8 out of 5 stars,148
Lavie Women's Odiase Medium Satchel Bag | Ladies Purse Handbag,https://www.amazon.in/Lavie-Odiase-Womens-Satchel-Handbag/dp/B08SW9RJ75,"1,249",4.1 out of 5 stars,"2,405"
Tabelito® NEO 3O L Water Resistant Laptop/College/Office/School/Travel/Business Bag Unisex Backpack for Men Women Fits Up to 15.6 Inch Laptop Notebook.,https://www.amazon.in/Tabelito-NEO-Backpack-Business-Compartment/dp/B0C2D2GPWJ,349,3.8 out of 5 stars,296
Wildcraft 18 ltrs (7 Cms) backpack(204493566_black),https://www.amazon.in/Wildcraft-ltrs-Cms-backpack-204493566_black/dp/B07GNGG435,"2,095",4.1 out of 5 stars,189
Gear Campus8 25L Medium Water Resistant School Bag/Casual Backpack/Daypack/College Bag/for Men/Women - Green Grey,https://www.amazon.in/Gear-Classic-Casual-Backpack-BKPCAMPS80304/dp/B019FBEJCO,595,4.1 out of 5 stars,"1,293"
Zipline Unisex Casual Polyester 36 L Backpack School Bag Women Men Boys Girls Children Daypack College Bag Book School Sports Bag,https://www.amazon.in/Zipline-Nexa-Resistant-Bagpack-Backpack/dp/B08WQ668WJ,843,3.6 out of 5 stars,"1,046"
Half Moon Valex Unisex School Bag/ 15.6 inch Laptop Backpack/College Bagpack/Office Back Packed | Laptop Bag for Men Women | School Bags for Boys & Girls with Small Pockets & Laptop Compartment,https://www.amazon.in/Half-Moon-Laptop-Bag-Compartment/dp/B0C1NZLF67,549,3.7 out of 5 stars,163
ADISA 15.6 inch laptop backpack office bag college travel back pack 32 Ltrs,https://www.amazon.in/ADISA-Laptop-Backpack-Office-College/dp/B09TPX22NF,399,3.9 out of 5 stars,"1,404"
Bennett Khadi and Polyester Drax Laptop Bag Sleeve Case Cover Pouch for 15/15.6 inches Laptop Apple/Dell/Lenovo/ASUS/Hp/Samsung/Mi/MacBook/Ultrabook/Thinkpad/Idea Pad/Surfacepro for Laptops (Blue),https://www.amazon.in/Bennett-Polyester-Drax-Ultrabook-Surfacepro/dp/B091NZ9MYB,257,4.1 out of 5 stars,"4,359"
Presto! Oxo-Biodegradable Garbage Bags XL (30 x 37 inches) - 10 bags/roll (Pack of 6 Black plastic),https://www.amazon.in/Amazon-Brand-Presto-Oxo-Biodegradable-Garbage/dp/B0821QGBDY,389,4.3 out of 5 stars,"2,112"
Frantic Velvet Kids School/Nursery/Picnic/Carry/Travelling Bag - 2 to 5 Year Age,https://www.amazon.in/Frantic-Velvet-School-Nursery-Travelling/dp/B09176PYDR,259,3.8 out of 5 stars,"3,437"
Frantic Soft Cartoon Animal Velvet Plush School Backpack Bag For 2 To 5 Years Boys/Girls - Nursery Preschool Picnic,https://www.amazon.in/Frantic-Cartoon-Velvet-Preschool-Nursery/dp/B09KY5541N,289,3.8 out of 5 stars,"6,067"
ZaySoo Stylish Casual Laptop Backpack/Office Bag/College Bag/Business Bag/Travel Backpack - Navyblue,https://www.amazon.in/ZaySoo-Stylish-Backpack-College-Business/dp/B0BVZL49N8,307,5.0 out of 5 stars,2
Red Lemon Bange Hard Ironlook Briefcase Laptop Bag Anti-Theft Hard Shell Unisex Laptop Backpack with USB Charging Backpack for Men and Women,https://www.amazon.in/Red-Lemon-Ironlook-Briefcase-Anti-Theft/dp/B09ZYMT7V1,"4,897",4.4 out of 5 stars,117
Tabelito® NEO 3O L Water Resistant Laptop/College/Office/School/Travel/Business Bag Unisex Backpack for Men Women Fits Up to 15.6 Inch Laptop Notebook.,https://www.amazon.in/Tabelito-NEO-Backpack-Business-Compartment/dp/B0C2D2Q52R,349,3.8 out of 5 stars,296
NORTH ZONE Lightweight school bags Backpacks for Boys Girls Stylish men and women Casual Travel Laptop Bag College office,https://www.amazon.in/NORTH-ZONE-Lightweight-Backpacks-Stylish/dp/B0BL3S5NC1,540,4.0 out of 5 stars,"1,119"
ADISA 15.6 inch laptop backpack office bag college travel back pack 32 Ltrs,https://www.amazon.in/ADISA-Laptop-Backpack-College-z-Black/dp/B09TPY1G1W,399,3.9 out of 5 stars,"1,404"
"Wesley Milestone 2.0 Casual Waterproof Laptop Backpack/Office Bag/School Bag/College Bag/Business Bag/Travel Backpack (Dimensions:13x18 inches) (Compatible with 15.6"" laptop) 30 L Charcoal black",https://www.amazon.in/Wesley-Milestone-Waterproof-Backpack-Business/dp/B085S444JV,499,4.3 out of 5 stars,"13,254"
Skybags Cardiff Polyester 55 Cms Travel Duffle Bag (Blue),https://www.amazon.in/Skybags-Cardiff-Polyester-Travel-DFCAR55BLU/dp/B073JYDK7P,"1,099",4.2 out of 5 stars,"9,964"
Presto! Oxo-Biodegradable Garbage Bags Small - 30 bags/roll (Pack of 6 plastic Black),https://www.amazon.in/Amazon-Brand-Presto-Oxo-Biodegradable-Garbage/dp/B0821PKWBW,259,4.3 out of 5 stars,"15,933"
Tetley Green Tea Lemon And Honey 100 Tea Bags 140 Grams,https://www.amazon.in/Tetley-Green-Lemon-Honey-Bags/dp/B00MGFZGVK,421,4.3 out of 5 stars,"51,918"
Zebronics Techshield A1 18 Liters 1 Compartment Laptop Backpack and Front Pocket fit Up to 15.6-inch Laptop Polyester Fabric Office Use and Mini Business Travel Bags (Black),https://www.amazon.in/Zebronics-Techshield-Compartment-15-6-inch-Polyester/dp/B0C6QTMYFG,498,3.6 out of 5 stars,12
HAMMONDS FLYCATCHER Laptop Bag for Men - Genuine Leather Messenger Shoulder Bag - Fits 14/15.6/16 Inch Laptops - Brown Office Bag - Multiple Pockets -Water Resistant -Executive Bag for Work and Travel,https://www.amazon.in/HAMMONDS-FLYCATCHER-Laptop-Bag-Men/dp/B083M1QK32,"4,716",4.4 out of 5 stars,590
NORTH ZONE 30L Water Restant Office Laptop Bag/Backpack for Men/Women/(Black),https://www.amazon.in/NORTH-ZONE-Restant-Office-Backpack/dp/B0CJ38KTFS,449,4.5 out of 5 stars,2
Street27® Korean Canvas Corduroy Tote Bag Casual Work Shoulder Handbags | Multi-Purpose Bag |Sturdy Canvas Bag with Large Capacity | Shopping Bag for Office College & Daily Use,https://www.amazon.in/Street27%C2%AE-Canvas-Corduroy-Tote-Multi-Purpose/dp/B0BQCBHJLP,474,4.0 out of 5 stars,140
"WildHorn 31L Laptop Backpack for Men/Women I Fits upto 15.6"" Laptop I Waterproof I Travel/Business/College Bookbags",https://www.amazon.in/WILDHORN-Backpack-Compartment-Business-Stitching/dp/B09QL81ZHB,599,4.1 out of 5 stars,"1,982"
TRUE HUMAN® Emperor Anti-Theft Pocket backpack With USB charging Port Laptopofficecollegetravel bag for men and women(Epower),https://www.amazon.in/TRUE-Emperor-Anti-Theft-backpack-charging/dp/B0BYB631NR,499,3.7 out of 5 stars,466
ADISA 32L large laptop backpack office bag college travel back pack with rain cover,https://www.amazon.in/ADISA-Laptop-Backpack-Office-College/dp/B0BPVCBFM7,449,3.8 out of 5 stars,506
Safari Snap 35 Ltrs Large Laptop Backpack With 3 Compartments Water Resistant Fabric - Black (SNAP19CBBLK),https://www.amazon.in/Safari-Laptop-Backpack-Compartments-Resistant/dp/B09B27CYC4,999,3.8 out of 5 stars,355
Delrin LED Backpack with APP Working Laptop Bag Motorcycle Riding Backpack Waterproof Backpack with Programmable and Color Screen Travel Backpack 25 ltrs (48 Cms) (Black),https://www.amazon.in/Delrin-Backpack-Motorcycle-Waterproof-Programmable/dp/B0CBSGG3LX,"18,219.",5.0 out of 5 stars,2
amazon basics Vacuum Compression Storage Bags with Hand Pump - Medium 5-Pack,https://www.amazon.in/AmazonBasics-Vacuum-Compression-Storage-Medium/dp/B07RTJV6G4,499,4.4 out of 5 stars,"7,822"
Dell Essential Backpack 15 (ES1520P),https://www.amazon.in/Dell-Essential-Backpack-15-ES1520P/dp/B07TTCXHRH,"1,036",4.0 out of 5 stars,"6,897"
Swiss Military Hard Shell Travel Backpack UFO Alien Series Dimond Cut ABS Hardshell upto 15.6 Inch Laptop,https://www.amazon.in/Swiss-Military-Travel-Backpack-Hardshell/dp/B0C3MG4MJG,"3,299",3.7 out of 5 stars,24
Safari Sheild 26 Ltrs Water Resistant Casual Backpack - (SHEILD19CBBLK),https://www.amazon.in/Safari-Sheild-Resistant-Casual-Backpack/dp/B09B28M2RN,649,4.0 out of 5 stars,602
Puma Unisex Duffle Bag IND,https://www.amazon.in/Puma-Carry-Unisex-Duffel-Bag/dp/B089T8PKSQ,"1,049",4.0 out of 5 stars,404
ZOUK Women Laptop Bag Royal Indian Peacock Motif,https://www.amazon.in/ZOUK-Handmade-Leather-Handles-Multicolor/dp/B09QRYDXJH,"1,529",4.4 out of 5 stars,180
motherly Diaper Bags for Mom Travel Basic Edition (Navy Blue),https://www.amazon.in/Motherly-Diaper-Bags-Travel-Basic/dp/B07PKQ3WJZ,"1,399",4.5 out of 5 stars,"2,690"
RIGHT CHOICE quality stylish casual backpack daily use unisex typography college bags (Boys and Girls),https://www.amazon.in/Right-Choice-Stylish-College-Backpack/dp/B07ZVXDHCK,299,3.5 out of 5 stars,"1,013"
FATMUG Polyester Foldable Duffle Travel Bag Luggage For Travel Packing And Storage - Men And Women - (60 L Black),https://www.amazon.in/FATMUG-Foldable-Luggage-Packing-Storage/dp/B07YFNXC3H,"1,099",4.2 out of 5 stars,"1,533"
WildHorn Leather Messenger Bag for Men/Office Bag for Men I Padded Laptop Compartment with Adjustable Strap I DIMENSION : L-14 inch W-3 inch H-11 inch,https://www.amazon.in/WILDHORN-Leather-inches-Messenger-MB570/dp/B07M9NKYVK,"2,309",3.9 out of 5 stars,266
NORTH ZONE Casual Waterproof Laptop Backpack/Office Bag/School Bag/College Bag/Business Bag/Travel Backpack (Dimensions:13x18 inches) (Compatible with 39.62cm(15.6inch laptop) 30 L,https://www.amazon.in/NORTH-ZONE-Waterproof-Backpack-Dimensions/dp/B0BS6QM2GD,542,4.0 out of 5 stars,780
American Tourister Valex 28 Ltrs Large Laptop Backpack with Bottle Pocket and Front Organizer- Black,https://www.amazon.in/American-Tourister-BACKPACK-COMPARTMENT-ORGANIZER/dp/B0BTD4S4XF,"1,399",4.3 out of 5 stars,"1,351"
F Gear 22 Ltrs Burner Art Lthr Brown Laptop Backpack (3343),https://www.amazon.in/F-Gear-Burner-Art-Lthr-Laptop-Backpack/dp/B085QWJVCZ,870,4.3 out of 5 stars,400
Murano Louis 10ltr Casual daybackpack/Office & Travel Bag/School Bag/College Bag/Men/Women/Girl/Boy (Dark Grey),https://www.amazon.in/Murano-Casual-daybackpack-Office-College/dp/B0BX9GLFD6,189,3.4 out of 5 stars,143
LOOKMUSTER (15.6 inch 30 L Casual Waterproof Laptop Backpack/Office Bag/School Bag/College Bag/Business Bag/Unisex Travel Backpack,https://www.amazon.in/LOOKMUSTER-Waterproof-Backpack-College-Business/dp/B0BZW8KW18,429,3.5 out of 5 stars,146
Fastrack Women's Sling Bag (Black),https://www.amazon.in/Fastrack-Womens-Sling-Bag-Black/dp/B07MGXR7LT,"1,345",4.0 out of 5 stars,80
Half Moon Vision Water Resistant 15.6 inch Laptop Bag for Men/Backpack for Men | Office Bag for Men/Office Bag for Women with Padded Laptop Compartment,https://www.amazon.in/Half-Moon-Resistant-Backpack-Compartment/dp/B0BYW5SH4L,459,4.3 out of 5 stars,17
Shalimar Premium OXO - Biodegradable Garbage Bags Size 24 X 32 Inches (Large) 90 Bags (6 Rolls) Dustbin Bag/Trash Bag - Black Color,https://www.amazon.in/Shalimar-Premium-Garbage-Large-Dustbin/dp/B01NC2R52J,454,4.5 out of 5 stars,"4,478"
Ross Heating Bag Hot Water Bags for Pain Relief Heating Pad-Heat Pouch Hot Water Bottle Bag Electric Hot Water Bag Heating Pad for Pain Relief- with Hand Warmer Pockets (Assorted Colors),https://www.amazon.in/Ross-Heating-Pad-Heat-Electric-Assorted/dp/B0CJJKSXW1,199,4.7 out of 5 stars,22
EXOTIC Women's Sling Bag,https://www.amazon.in/Exotic-Sling-Womens-Girls-Grey/dp/B092VSZ69M,450,4.2 out of 5 stars,"2,750"
Gear Superior 16L Small Water Resistant School Bag//Casual Backpack/ Daypack/College Bag for Men/Women - Black,https://www.amazon.in/Gear-Superior-Casual-Backpack-BKPSPRIOR0001/dp/B08GY2ZN96,299,3.9 out of 5 stars,385
Safari Seek 45 Ltrs Overnighter Expandable Travel Laptop Backpack,https://www.amazon.in/Safari-45L-21-OB-BLK/dp/B07BZ5VC4H,"2,299",4.5 out of 5 stars,"7,744"
Amazon Basics Laptop Bag for 15.6 Inch Laptops | College/Travel Backpack with USB Charging Port and Anti-Theft Pocket | 23 L,https://www.amazon.in/Laptops-College-Backpack-Charging-Anti-Theft/dp/B0C6639P8P,"1,009",4.4 out of 5 stars,138
TRAWOC 60 Liter Travel Backpack Hiking Trekking Bag Camping Rucksack 1 Year Warranty HK006,https://www.amazon.in/TRAWOC-60LTravel-Backpack-Trekking-Rucksack/dp/B07YYG5G31,"1,567",4.3 out of 5 stars,"1,446"
Half Moon Large 37L Laptop Bag Backpack for menं Women Boys and Girls Luggage Travel Bags with 17.3 inches Laptop Compartment & Rain Cover,https://www.amazon.in/Half-Moon-Resistant-Backpack-Compartment/dp/B0BHX7GY16,689,3.9 out of 5 stars,"3,857"
SFANE Polyester Red Duffel Gym Bag Shoulder Bag Sports Bag for Men & Women with Separate Shoe Compartment (Black) (Red) Set Of 1,https://www.amazon.in/SFANE-Polyester-Shoulder-Separate-Compartment/dp/B08KG7J7L5,365,4.3 out of 5 stars,503
Impulse Diggy 35L Laptop Backpack/Office Bag/School Bag/College Bag/Business Bag/Travel Backpack Water Resistant Fits Up to 16 Inch Laptop with 1 Year Warranty,https://www.amazon.in/Impulse-Diggy-Backpack-Resistant-Green/dp/B0CJHVCZZV,399,4.0 out of 5 stars,22
Fur Jaden 25L Travel Duffle Bag for Weekend Trip Cabin Luggage and Gym Sports Duffle for Men and Women,https://www.amazon.in/Travel-Duffle-Weekend-Luggage-Sports/dp/B086PYLWS3,629,4.1 out of 5 stars,964
Amazon Basics 20 ltrs Casual/Travel/College Backpack for 15.6-inch Laptop | Water Resistant Fabric,https://www.amazon.in/Amazon-Basics-Casual-Backpack-15-6-inch/dp/B09W4WJ1CB,359,4.0 out of 5 stars,420
DEIN KLEIDER Men's Nylon Messenger Bag,https://www.amazon.in/Kleider-Travel-Business-Messenger-Shoulder/dp/B084ZHP97M,346,4.0 out of 5 stars,"5,547"
URBAN WOLF 30L Casual Dual Compartment Water Resistant Laptop Backpack Unisex Bags for Office/Travel/Business/College/School (Black),https://www.amazon.in/Business-Casual-Compartment-Resistant-Backpack/dp/B08N6HSJJ5,749,3.9 out of 5 stars,"1,016"
Amazon Basics Laptop Bag with USB Charging Port Rain Cover and Reflective Strip for College Office Travel (Unisex 35 L Blue),https://www.amazon.in/Bag-Charging-Reflective-College-Blue/dp/B0C4L2KX2W,799,3.9 out of 5 stars,193
Half Moon Aztec 37L School Bag Class 5-12 | College Bagpack for Men/College Back pack for Women | 15.6 inch Laptop Bag for Men/Backpack for Men | Spacious & Multiple Pockets,https://www.amazon.in/Half-Moon-College-Spacious-Multiple/dp/B0C23Z9W18,529,3.5 out of 5 stars,357
amazon basics PlasticVacuum Compression Storage Bags With Hand Pump - 6-Pack (2 Jumbo 2 Large 2 Medium),https://www.amazon.in/AmazonBasics-Vacuum-Compression-Storage-Bags/dp/B07RP7WHHY,749,4.4 out of 5 stars,"9,288"
Bennett™ Mystic Unisex Adult Men's Laptop Bag 15.6 inch Side Shoulder Briefcase Satchel Messenger Business Bags for Men & Women Front Pocket for Laptop Accessories - Black (6 Month Warranty),https://www.amazon.in/BennettTM-Shoulder-Messenger-Repellent-Charcoal/dp/B09CV24TMK,452.,4.0 out of 5 stars,"6,881"
Nivia Polyester Pulse Bag,https://www.amazon.in/Nivia-5227-Junior-Others-Orange/dp/B08D7QKCX5,229,3.6 out of 5 stars,57
WildHorn Leather Laptop Messenger Bag for Men,https://www.amazon.in/WildHorn-Leather-Brown-Laptop-Briefcase/dp/B01HBKKSTO,"2,349",4.1 out of 5 stars,267
GLUN® Round Shape Foldable Laundry Bag Capacity of 45 Ltr Non Woven Toys and Cloth Bag Grey and Black Combination Pack of 1,https://www.amazon.in/Foldable-Laundry-Capacity-Quality-Combination/dp/B0BRFRVQMX,161,3.9 out of 5 stars,119
Amazon Brand – Eono Reusable Tote Bags 100% Organic Cotton Shopping/Grocery Bag Multi-Purpose Bag Sturdy Canvas Bag With 15kgs Capacity Single Pack (Good Vibes),https://www.amazon.in/Amazon-Brand-Reusable-Eco-Friendly-Multi-Purpose/dp/B08TTMMGYT,179,3.8 out of 5 stars,"1,232"
Red Lemon Swiss Design 40 L Oxford Waterproof Large Capacity Comfortable Business Fashion Travel Men Laptop Backpack Anti theft Computer Bag with rain cover,https://www.amazon.in/Red-Lemon-Waterproof-Capacity-Comfortable/dp/B0C53MVJ2C,"1,599",3.3 out of 5 stars,451
DARK HORSE Laptop Bag Leather Briefcase 15.6 Inch Messenger Bag Satchel for Men Padded Laptop Compartment 12 Liters  Water Resistant Shoulder Bag with Strap Durable Office Bag for Laptop,https://www.amazon.in/DARK-HORSE-Briefcase-Messenger-Compartment/dp/B0BJZF92F6,799,4.0 out of 5 stars,153
PALAY® Tote Bags For Women Bag Corduroy Large Capacity Reusable Shopping Bag Washable Shoulder Bags HandBags for School Work Shopping Travel Daily Use Grocery,https://www.amazon.in/Corduroy-Reusable-Shopping-Washable-Shoulder/dp/B0BNX437F8,488,4.3 out of 5 stars,102
Genie Swirl Laptop Backpack for Women 3 compartments Water Resistant and Lightweight Bags for Office and Travelling Purpose. 36 litres. (19 inch). Tie-dye print,https://www.amazon.in/Genie-compartments-Resistant-Lightweight-Travelling/dp/B0C85YCDR7,899,3.9 out of 5 stars,17
Amazon Brand - Presto! Oxo-Biodegradable Garbage Bags Small - 30 bags/roll (Pack of 3 Green For Wet Waste),https://www.amazon.in/Amazon-Brand-Presto-Oxo-Biodegradable-Garbage/dp/B08TDCGCPK,189,4.3 out of 5 stars,638
Gear Campus8 25L Medium Water Resistant School Bag/Casual Backpack/Daypack/College Bag/for Men/Women - Green Grey,https://www.amazon.in/Gear-Classic-Casual-Backpack-BKPCAMPS80304/dp/B019FBEJCO,595,4.1 out of 5 stars,"1,293"
American Tourister Harp Duffle Bag 52 CM Grey,https://www.amazon.in/American-Tourister-Harp-Duffle-Grey/dp/B0BTHP5LS1,"1,099",4.0 out of 5 stars,36
"AirCase Office Sling Messenger Bag fits upto 14.1"" Laptop/Macbook Detachable Shoulder Strap Waterproof Shockproof Carry Handle with Spacious Pockets For Men & Women Blue",https://www.amazon.in/AirCase-C24-Messenger-Shoulder-Compartments/dp/B07Y3DB5YZ,729,4.0 out of 5 stars,"1,750"
Tabelito® Basic Laptop Bag Laptop Cover Laptop Bags Laptop Sleeve Office Bag Laptop Bag 15.6 inch(39.6cm) Laptop Apple/Lenovo/Asus/Hp/MacBook/Thinkpad/Ideapad (Grey),https://www.amazon.in/Tabelito%C2%AE-Basic-Laptop-Sleeve-Surfacepro/dp/B09NDTW8SP,257,4.1 out of 5 stars,"2,560"
FUR JADEN 15.6 Inch Laptop Backpack 25 LTR Bag for School College and Office with USB Charging Port,https://www.amazon.in/Casual-Backpack-Charging-Laptop-Compartment/dp/B07J46KLFP,429,3.9 out of 5 stars,"10,507"
Storite Stylish Small PU Leather Sling Cross Body Travel Office Business Messenger One Side Shoulder Bag for Men Women (25.5 x7x20cm),https://www.amazon.in/Storite-Sling-Bag-Shoulder-25-5cmx7cmx20cm/dp/B09P3RQPCG,749,4.0 out of 5 stars,285
Amazon Basics Camera Bag with Tripod Holder for Beginner and Professional Photographers Waterproof Cover Lightweight Removable Dividers for All DSLR/SLR Cameras and Accessories,https://www.amazon.in/Professional-Photographers-Waterproof-Lightweight-Accessories/dp/B0C58VVFQT,949,4.3 out of 5 stars,997
ANTIL'S® Hot Water Rubber Bottle bag for Pain Relief Therapy (Pack of 1) Multicolor,https://www.amazon.in/ANTILS%C2%AE-Water-Rubber-Relief-Therapy/dp/B08PFTYB2N,198,4.0 out of 5 stars,"4,526"
AUXTER DELUXE Casual School College office Travel Backpack - 18 Design,https://www.amazon.in/AUXTER-DELUXE-Casual-Backpack-Black/dp/B09HNP99YX,791,4.0 out of 5 stars,650
Zebronics Camp1 14 Liters 1 Compartment Laptop Backpacks Fit Up to 15.6-inch Laptop Polyester Fabric Office Use and Mini Business Travel Bags (Black),https://www.amazon.in/Zebronics-Compartment-Backpacks-15-6-inch-Black/dp/B0C6KZS555,398,3.6 out of 5 stars,31
SPENZ BAGS Travel Laptop Backpack for Women & Men|Carry On Bag College & School Students Bookbag With Raincover,https://www.amazon.in/SPENZ-BAGS-Backpack-Raincover-Mahogany-Brown/dp/B0C3RN6QSC,829,3.9 out of 5 stars,247
Tabelito® Basic Laptop Bag Laptop Cover Laptop Bags Laptop Sleeve Office Bag Laptop Bag 15.6 inch(39.6cm) Laptop Apple/Lenovo/Asus/Hp/MacBook/Thinkpad/Ideapad (Grey),https://www.amazon.in/Tabelito%C2%AE-Basic-Laptop-Sleeve-Surfacepro/dp/B09NDTW8SP,257,4.1 out of 5 stars,"2,560"
American Tourister Harp Duffle Bag 52 CM Grey,https://www.amazon.in/American-Tourister-Harp-Duffle-Grey/dp/B0BTHP5LS1,"1,099",4.0 out of 5 stars,36
FUR JADEN 15.6 Inch Laptop Backpack 25 LTR Bag for School College and Office with USB Charging Port,https://www.amazon.in/Casual-Backpack-Charging-Laptop-Compartment/dp/B07J46KLFP,429,3.9 out of 5 stars,"10,507"
Amazon Basics Camera Bag with Tripod Holder for Beginner and Professional Photographers Waterproof Cover Lightweight Removable Dividers for All DSLR/SLR Cameras and Accessories,https://www.amazon.in/Professional-Photographers-Waterproof-Lightweight-Accessories/dp/B0C58VVFQT,949,4.3 out of 5 stars,997
ANTIL'S® Hot Water Rubber Bottle bag for Pain Relief Therapy (Pack of 1) Multicolor,https://www.amazon.in/ANTILS%C2%AE-Water-Rubber-Relief-Therapy/dp/B08PFTYB2N,198,4.0 out of 5 stars,"4,526"
Zebronics Camp1 14 Liters 1 Compartment Laptop Backpacks Fit Up to 15.6-inch Laptop Polyester Fabric Office Use and Mini Business Travel Bags (Black),https://www.amazon.in/Zebronics-Compartment-Backpacks-15-6-inch-Black/dp/B0C6KZS555,398,3.6 out of 5 stars,31
AUXTER DELUXE Casual School College office Travel Backpack - 18 Design,https://www.amazon.in/AUXTER-DELUXE-Casual-Backpack-Black/dp/B09HNP99YX,791,4.0 out of 5 stars,650
SPENZ BAGS Travel Laptop Backpack for Women & Men|Carry On Bag College & School Students Bookbag With Raincover,https://www.amazon.in/SPENZ-BAGS-Backpack-Raincover-Mahogany-Brown/dp/B0C3RN6QSC,829,3.9 out of 5 stars,247
Kleeno by cello OXO - Biodegradable Garbage Bags Medium Size 48 cm x 53 cm 2 Pouch 30 Bags Dustbin Bag/Trash Bag,https://www.amazon.in/Kleeno-Cello-Clean-Garbage-Medium/dp/B09C284CTH,84,4.0 out of 5 stars,2
TRUE HUMAN EMPEROR®Multi-purpose backpack With USB charging Port Laptopofficecollegetravel bag for men and women (WIZ),https://www.amazon.in/TRUE-HUMAN-EMPEROR%C2%AEMulti-purpose-backpack-charging/dp/B0CCLKZ21R,499,3.9 out of 5 stars,10
Tabelito® DELTA Casual Waterproof Laptop Backpack/Office Bag/School Bag/College Bag/Business Bag/Unisex Travel Backpack (Compatible with 15.6 inch Laptop) 30 L (6 Month Warranty),https://www.amazon.in/Tabelito%C2%AE-Delta-Waterproof-Backpack-Compatible/dp/B0BLK1Z7DQ,539,4.3 out of 5 stars,208
Safari Seek 45 Ltrs Overnighter Expandable Travel Laptop Backpack,https://www.amazon.in/Safari-45L-21-OB-BLK/dp/B07BZ5VC4H,"2,299",4.5 out of 5 stars,"7,744"
PUMA Casual Backpack IND II Black-CASTLEROCK,https://www.amazon.in/PUMA-Casual-Backpack-IND-Black-CASTLEROCK/dp/B08BTD8YZP,"1,019",4.1 out of 5 stars,279
"POLESTAR Noble 32 L Bag for College School Office Casual Multipurpose Backpack with 15.6"" Laptop Compartment Water Resistant Unisex Design Stylish & Durable 1 Year Warranty",https://www.amazon.in/POLESTAR-Casual-bagpack-School-Backpack/dp/B07PQQ8M7B,579,3.9 out of 5 stars,"17,859"
Amazon Basics Classic Camera Shoulder Bag Adjustable Strap Waterproof material Breathable Mesh Anti-Shock Compatible with Nikon Canon and Sony Mirrorless Cameras,https://www.amazon.in/Adjustable-Waterproof-Breathable-Anti-Shock-Compatible/dp/B0C58X3CRX,549,3.6 out of 5 stars,6
Cockatoo CMP01 OXO-Biodegradable Garbage Bags Medium|Your Ultimate Companion for Campaigning and Traveling|for Keeping Your Adventures Clean and Green30 Bags/Rollx3(18.5 X 20.5 Inch),https://www.amazon.in/Cockatoo-OXO-Biodegradable-Companion-Campaigning-Adventures/dp/B0CF9Q8HPN,99,4.8 out of 5 stars,150
Cockatoo CMP01 OXO-Biodegradable Garbage Bags Medium|Your Ultimate Companion for Campaigning and Traveling|for Keeping Your Adventures Clean and Green30 Bags/Rollx3(18.5 X 20.5 Inch),https://www.amazon.in/Cockatoo-OXO-Biodegradable-Companion-Campaigning-Adventures/dp/B0CF9Q8HPN,99,4.8 out of 5 stars,150
Artistix Avian Unisex Water Repellent Anti Theft Travel Backpack with USB Port (Black 32 L),https://www.amazon.in/Artistix-Unisex-Travel-Backpack-Repellent/dp/B09B5DMGM1,"1,989",4.5 out of 5 stars,"1,037"
AUXTER DELUXE Casual School College office Travel Backpack - 18 Design,https://www.amazon.in/AUXTER-DELUXE-Casual-Backpack-Black/dp/B09HNP99YX,791,4.0 out of 5 stars,650
Gear Double Decker 31L Large Water Resistant Faux Leather Anti-Theft Laptop Bag/Backpack/Office Bag for Men/Women (Black),https://www.amazon.in/Gear-DOUBLE-DECKER-Resistant-Backpack/dp/B0BTJ3WTMV,"1,089",3.9 out of 5 stars,46
Glowic Canvas Grocery Travel Beach | Shoulder Handbags Women College Bags for Girls Stylish Trendy(WBAG-83) (Cream),https://www.amazon.in/Glowic-Grocery-Shoulder-Handbags-College/dp/B0CGK13VC7,619.,3.4 out of 5 stars,36
Tabelito® NEXA 3O L Water Resistant Laptop/College/Office/School/Travel/Business Bag Unisex Backpack for Men Women Fits Up to 15.6 Inch Laptop Notebook,https://www.amazon.in/Tabelito-NEXA-Backpack-Business-Compartment/dp/B0C2D4KWQ6,349,4.0 out of 5 stars,176
PUMA Casual Backpack IND II Black-CASTLEROCK,https://www.amazon.in/PUMA-Casual-Backpack-IND-Black-CASTLEROCK/dp/B08BTD8YZP,"1,019",4.1 out of 5 stars,279
Lunar's 35 L Laptop Office/School/Travel/Business Backpack Water Proof - Fits Up to 15.6 Inch Laptop Notebook With Raincover Inside Organiser and 1 Year Warranty (All),https://www.amazon.in/Lunars-Router-Resistant-Raincover-Organiser/dp/B08YR63B9M,849,3.8 out of 5 stars,"1,163"
Handcuffs Baby Diaper Bag Multifunctional Maternity Bags New Mom Dad Travel Backpack For Baby Care Nursing (Black),https://www.amazon.in/Handcuffs-Multifunctional-Maternity-Backpack-Nursing/dp/B09413KB4K,"1,186",4.2 out of 5 stars,556
SECUREMENT® Tamper Proof Courier Bags with Pod Jacket documen pouch 10x 14 (100 Pcs),https://www.amazon.in/Paarsv-Tamper-Courier-Without-Jacket/dp/B018E1O6LU,325,4.1 out of 5 stars,314
DAHSHA Stylish Nylon Small Sling Cross Body Travel Bag for Business Office Messenger One Side Shoulder Carry Handbag Bag For Men & Women (35X18x25 CM-grey),https://www.amazon.in/DAHSHA-Bag-Business-Messenger-Shoulder/dp/B07GCLJTZF,695,3.8 out of 5 stars,476
DAHSHA Nylon Stylish Small 6 Multi-Pocket Zip Closure Sling Cross Body Travel Messenger One Side Shoulder Bag for Men & Women (Grey 25 x 10 x 20 CM),https://www.amazon.in/DAHSHA-Sling-Messenger-Bag-Grey/dp/B09CGDFNBV,545,4.0 out of 5 stars,860
Lify Women's Retro Large Size Canvas Shoulder Bag Hobo Crossbody Handbag Casual Tote - 1 Piece,https://www.amazon.in/Lify-Womens-Shoulder-Crossbody-Handbag/dp/B09JWKDG6R,320,3.8 out of 5 stars,"1,858"
"AirCase Premium Laptop Bag with 6 Pockets fits Upto 15.6"" Laptop/MacBook Wrinkle Free Padded Waterproof Light Neoprene case Cover Sleeve Pouch for Men & WomenAsh- 6 Months Warranty",https://www.amazon.in/AirCase-Premium-Waterproof-Neoprene-Warranty/dp/B07JBBKD5S,598,4.4 out of 5 stars,"4,268"
Newtone Premium OXO - Biodegradable Garbage Bags Size 17 X 19 Inches (Small) 120 Bags (4 rolls) Dustbin Bag/Trash Bag - Black Color,https://www.amazon.in/Newtone-Premium-OXO-Biodegradable-Garbage/dp/B08M66SG5Y,144,4.3 out of 5 stars,212
URBAN CARRIER Large 45 Liters Medium Backpack for school and colleges laptop bag luggage bag travel bag Unisex office bag for men Waterproof School Bag for girls stylish backpack for men,https://www.amazon.in/Backpack-Colleges-Luggage-Waterproof-Multicolor/dp/B09GYJ17JL,549,3.9 out of 5 stars,652
PALAY® Tote Bag Corduroy Solid Color Hand Bag for Women Shoulder Bag for Shopping Commuting Shopping Bag Large Grocery Bag,https://www.amazon.in/Corduroy-Capacity-HandBags-Shoulder-Shopping/dp/B0BZYXT8Q7,499,4.5 out of 5 stars,8
Handcuffs Baby Diaper Bag Multifunctional Maternity Bags New Mom Dad Travel Backpack For Baby Care Nursing (Black),https://www.amazon.in/Handcuffs-Multifunctional-Maternity-Backpack-Nursing/dp/B09413KB4K,"1,186",4.2 out of 5 stars,556
The Purple Tree Canvas Stylish Printed Tote Bag For Women (Pack Of 1) Tbag00270,https://www.amazon.in/Purple-Tree-Canvas-Tote-Women/dp/B07PLCCQVC,349,4.2 out of 5 stars,164
SECUREMENT® Tamper Proof Courier Bags with Pod Jacket documen pouch 10x 14 (100 Pcs),https://www.amazon.in/Paarsv-Tamper-Courier-Without-Jacket/dp/B018E1O6LU,325,4.1 out of 5 stars,314
Red Lemon BANGE Waterproof TPU Unisex Travel Crossbody Sling Bag Chest Pack with USB charging,https://www.amazon.in/Red-Lemon-Waterproof-Crossbody-charging/dp/B0B12WH5ND,"1,797",4.4 out of 5 stars,74
DAHSHA Nylon Stylish Small 6 Multi-Pocket Zip Closure Sling Cross Body Travel Messenger One Side Shoulder Bag for Men & Women (Grey 25 x 10 x 20 CM),https://www.amazon.in/DAHSHA-Sling-Messenger-Bag-Grey/dp/B09CGDFNBV,545,4.0 out of 5 stars,860
"AirCase Premium Laptop Bag with 6 Pockets fits Upto 15.6"" Laptop/MacBook Wrinkle Free Padded Waterproof Light Neoprene case Cover Sleeve Pouch for Men & WomenAsh- 6 Months Warranty",https://www.amazon.in/AirCase-Premium-Waterproof-Neoprene-Warranty/dp/B07JBBKD5S,598,4.4 out of 5 stars,"4,268"
Newtone Premium OXO - Biodegradable Garbage Bags Size 17 X 19 Inches (Small) 120 Bags (4 rolls) Dustbin Bag/Trash Bag - Black Color,https://www.amazon.in/Newtone-Premium-OXO-Biodegradable-Garbage/dp/B08M66SG5Y,144,4.3 out of 5 stars,212
"MOKOBARA The Briefcase - 15.6"" Blue Laptop Messenger Bag for Men & Women",https://www.amazon.in/Mokobara-Briefcase-Resistant-Compartment-Messenger/dp/B0B6CTQDR8,"5,199",4.4 out of 5 stars,348
Safari Snap 35 Ltrs Large Laptop Backpack With 3 Compartments Water Resistant Fabric - Blue (SNAP19CBBLU),https://www.amazon.in/Safari-Laptop-Backpack-Compartments-Resistant/dp/B09B27GN41,899,3.8 out of 5 stars,624
Nivia String Bag Polyester Made for Men Waterproof/Drawstring Backpack (Black),https://www.amazon.in/Nivia-5177BK-Polyester-String-Black/dp/B071XM6PSM,156,4.1 out of 5 stars,"1,980"
"POLESTAR Bold 42 L Bag for College School Office Casual Multipurpose Backpack with 15.6"" Laptop Compartment Water Resistant Unisex Design Stylish & Durable 1 Year Warranty",https://www.amazon.in/POLESTAR-Backpack-Compartment-Polyester-Warranty/dp/B0BMQ2HXYP,729,3.8 out of 5 stars,"2,001"
F Gear Milestone Olive Casual 20 Ltrs Laptop Backpack (3376),https://www.amazon.in/F-Gear-Milestone-Casual-Laptop-Backpack/dp/B08FX1R6WY,"1,155",4.0 out of 5 stars,856
